{"training loss": 2.217954158782959, "_timestamp": 1715240878.1396406, "_runtime": 43.859551668167114, "_step": 52, "_wandb": {"runtime": 43}}