{"training loss": 2.9153971672058105, "_timestamp": 1715246073.0463154, "_runtime": 1190.5851955413818, "_step": 7999, "sequence length": 414, "_wandb": {"runtime": 1190}}