{"training loss": 0.047922808676958084, "_timestamp": 1715239151.1116548, "_runtime": 253.46461868286133, "_step": 155}