{"training loss": 0.2612355947494507, "_timestamp": 1715246472.8648558, "_runtime": 94.07870268821716, "_step": 455, "sequence length": 306, "_wandb": {"runtime": 95}}