{"training loss": 0.14302706718444824, "_timestamp": 1715257332.8659897, "_runtime": 4702.217896699905, "_step": 12503, "validation loss": 1.68130456009084, "_wandb": {"runtime": 4710}}