{"training loss": 2.5673296451568604, "_timestamp": 1715246187.2488973, "_runtime": 35.09862732887268, "_step": 59, "sequence length": 380, "_wandb": {"runtime": 86}}