{"training loss": 4.604891300201416, "_timestamp": 1715241884.2677927, "_runtime": 601.8123376369476, "_step": 3891, "sequence length": 997, "_wandb": {"runtime": 600}}