{"training loss": 0.001992623321712017, "_timestamp": 1715249960.613271, "_runtime": 3402.4635059833527, "_step": 20001, "sequence length": 513, "validation loss": 1.757950841696414, "_wandb": {"runtime": 3401}}