{"training loss": 0.5721418857574463, "_timestamp": 1715239841.659776, "_runtime": 223.43422198295593, "_step": 37}